{
  "timestamp": "20251216_005734",
  "baseline_results": {
    "train_acc": 0.4733263174937262,
    "test_acc": 0.4815718818647791,
    "acc_gap": -0.008245564371052894,
    "train_f1": 0.42879719051799825,
    "test_f1": 0.47308360208385014,
    "f1_gap": -0.04428641156585189,
    "is_overfitting": false
  },
  "regularized_results": {
    "train_acc": 0.6979681049137861,
    "test_acc": 0.5209909690017086,
    "acc_gap": 0.17697713591207753,
    "train_f1": 0.683249851430512,
    "test_f1": 0.5122001739922947,
    "f1_gap": 0.1710496774382173,
    "is_overfitting": true
  },
  "recommendation": "INCREASE_REGULARIZATION",
  "training_time": 356.1786024570465,
  "best_params": {
    "class_weight": "balanced_subsample",
    "max_depth": 10,
    "max_features": "sqrt",
    "max_samples": 0.9,
    "min_samples_leaf": 10,
    "min_samples_split": 10,
    "n_estimators": 100
  },
  "cv_score": 0.4888702100900863
}