{
  "IBS_Accel": 1.5040746912218808,
  "RVol_Accel": 86.51893805609174,
  "RRange_Accel": 11.287476669432387,
  "Flow_Velocity": 0.0,
  "Volume_Conviction": 0.689510583253981
}